     No, No1, No2, No3, No4, No5, No6, No7
14046,3,15,18,21,26,1,6
14045,6,10,12,16,30,2,11
14044,22,23,25,27,35,3,11
14043,1,11,23,29,30,1,12
14042,16,21,25,27,35,6,11
14041,5,7,11,15,18,5,12
14040,12,15,21,30,33,2,8
14039,2,5,11,15,20,8,11
14038,7,8,12,20,32,3,5
14037,3,4,8,19,34,2,4
14036,1,2,12,17,29,3,8
14035,9,12,14,28,29,3,10
14034,3,11,14,27,32,5,7
14033,1,7,8,28,29,4,8
14032,2,5,6,9,31,2,9
14031,6,15,27,32,33,3,4
14030,3,14,18,29,35,11,12
14029,3,21,22,23,35,5,9
14028,3,10,20,25,30,10,12
14027,9,10,24,28,29,10,12
14026,5,10,12,15,26,4,8
14025,19,20,27,32,34,6,8
14024,7,11,15,31,32,6,11
14023,4,13,15,29,33,5,9
14022,3,6,10,16,25,10,11
14021,6,10,17,23,24,3,9
14020,1,14,17,30,35,6,7
14019,7,12,22,29,32,11,12
14018,8,9,12,28,34,2,12
14017,5,10,11,23,34,1,10
14016,4,6,13,24,34,4,9
14015,4,6,18,20,30,5,7
14014,1,9,11,27,29,3,11
14013,10,11,13,22,28,4,12
14012,9,20,21,23,29,5,7
14011,4,6,14,24,35,7,12
14010,5,10,20,26,27,1,3
14009,10,18,25,29,33,7,8
14008,11,13,20,28,35,1,5
14007,8,11,14,21,32,3,11
14006,1,4,7,16,35,6,8
14005,15,17,18,29,33,4,8
14004,7,10,19,27,28,9,12
14003,7,11,13,21,33,5,6
14002,1,12,21,24,29,1,7
14001,5,13,20,23,29,8,11
13153,4,5,16,17,30,3,9
13152,9,12,14,18,19,3,9
13151,2,13,21,27,30,3,4
13150,6,7,14,18,22,8,11
13149,6,7,8,9,13,5,7
13148,2,5,9,29,32,3,7
13147,3,9,22,24,25,5,9
13146,6,7,15,25,31,1,9
13145,2,13,15,18,20,2,11
13144,3,20,21,23,35,2,8
13143,3,8,14,21,31,6,8
13142,6,11,25,28,29,4,12
13141,5,15,18,25,31,8,10
13140,1,12,17,26,28,1,6
13139,5,6,18,20,31,6,7
13138,3,8,13,17,24,7,9
13137,4,12,32,33,34,6,8
13136,5,11,15,25,28,5,11
13135,4,13,19,25,26,7,12
13134,2,13,19,23,32,2,9
13133,2,8,10,16,17,9,12
13132,23,26,28,31,34,2,10
13131,12,15,29,30,31,4,12
13130,8,9,15,19,30,6,9
13129,11,23,29,30,33,1,4
13128,11,13,27,33,35,1,2
13127,3,14,16,19,32,5,10
13126,9,10,15,18,30,3,6
13125,4,8,14,23,28,4,8
13124,5,7,18,21,32,10,11
13123,2,9,10,33,34,5,12
13122,15,17,20,24,35,4,12
13121,3,18,19,20,24,3,12
13120,6,14,15,22,26,3,11
13119,1,2,16,23,35,1,11
13118,4,6,11,20,31,1,5
13117,5,16,23,25,33,7,12
13116,13,22,23,30,33,9,11
13115,5,16,29,32,34,4,11
13114,6,17,21,23,33,1,9
13113,19,21,23,28,30,8,12
13112,2,10,20,22,29,5,12
13111,7,12,13,20,27,1,3
13110,7,16,18,32,33,2,7
13109,13,20,26,29,32,2,6
13108,5,10,13,15,18,2,11
13107,7,13,14,18,25,5,12
13106,6,7,12,13,27,3,12
13105,7,13,27,30,34,1,12
13104,2,5,11,27,29,1,11
13103,5,8,13,16,31,3,9
13102,6,12,15,19,26,2,11
13101,4,9,13,15,32,2,9
13100,9,12,24,26,30,5,9
13099,4,11,28,30,33,5,12
13098,2,6,16,29,34,10,11
13097,7,8,13,17,32,3,8
13096,17,19,20,22,26,6,8
13095,3,17,28,30,33,1,10
13094,3,28,33,34,35,6,9
13093,1,5,17,18,26,5,7
13092,7,10,21,27,33,3,9
13091,4,9,28,34,35,2,8
13090,2,26,30,31,33,11,12
13089,6,7,23,24,29,4,11
13088,3,5,8,33,35,1,3
13087,9,12,22,32,34,2,4
13086,9,16,26,29,31,6,9
13085,8,19,23,27,32,3,5
13084,8,22,26,29,35,1,5
13083,26,29,30,32,35,4,10
13082,3,9,25,26,33,3,12
13081,7,9,15,17,23,2,7
13080,6,21,23,27,31,4,6
13079,9,10,17,21,34,1,7
13078,2,7,23,31,33,2,8
13077,24,26,30,32,35,6,12
13076,13,15,16,26,27,9,10
13075,1,11,13,19,35,7,8
13074,6,14,20,24,32,1,7
13073,3,5,23,27,31,2,6
13072,12,27,28,33,35,3,5
13071,13,19,26,27,28,3,11
13070,9,12,18,21,29,1,8
13069,6,12,13,16,30,7,12
13068,10,17,27,34,35,5,7
13067,2,3,5,8,29,10,12
13066,6,7,13,33,34,2,11
13065,9,28,31,34,35,2,9
13064,21,24,26,28,32,1,3
13063,3,5,11,27,28,5,6
13062,1,5,8,9,12,9,12
13061,1,14,18,21,32,5,10
13060,15,25,26,32,35,5,10
13059,3,8,11,24,27,7,12
13058,20,21,27,31,35,7,11
13057,7,15,27,33,35,7,10
13056,11,22,30,32,35,3,4
13055,4,5,22,23,24,3,9
13054,5,8,21,30,32,1,8
13053,13,31,33,34,35,5,7
13052,1,2,10,29,31,1,10
13051,5,8,15,18,33,7,8
13050,14,22,30,32,33,7,8
13049,18,22,25,31,32,4,6
13048,10,11,23,32,33,1,4
13047,12,20,28,30,35,3,11
13046,15,16,19,25,32,5,11
13045,8,11,12,21,25,2,7
13044,7,11,13,18,28,5,10
13043,7,13,25,34,35,7,9
13042,2,6,22,23,33,1,6
13041,3,13,14,15,34,5,8
13040,16,17,22,26,35,3,10
13039,6,23,30,33,35,7,10
13038,1,19,24,25,26,7,9
13037,2,26,31,32,34,6,8
13036,8,12,32,33,35,3,5
13035,5,14,28,32,34,7,8
13034,1,3,11,19,29,4,8
13033,12,18,22,28,31,1,11
13032,12,27,28,33,35,1,8
13031,12,17,18,26,32,10,11
13030,3,5,9,10,28,5,7
13029,5,7,17,25,26,4,10
13028,13,19,28,30,34,8,12
13027,3,12,14,24,35,3,8
13026,2,10,16,30,33,5,6
13025,3,23,25,26,28,10,12
13024,9,12,14,18,24,1,4
13023,5,19,24,26,35,5,7
13022,3,4,13,17,23,3,8
13021,23,24,28,30,33,1,11
13020,6,11,20,31,32,5,9
13019,6,12,17,29,30,7,11
13018,20,23,31,33,34,3,9
13017,11,14,22,29,34,5,11
13016,5,15,19,27,32,8,9
13015,14,15,26,32,33,1,11
13014,5,8,25,29,31,2,4
13013,13,15,29,30,35,1,11
13012,1,14,31,32,34,2,11
13011,1,2,8,15,23,6,9
13010,9,15,17,18,29,9,11
13009,10,17,19,27,29,5,12
13008,2,7,25,29,34,3,6
13007,14,29,32,33,34,3,6
13006,8,20,25,31,32,5,7
13005,18,22,26,28,31,10,12
13004,7,8,12,20,25,3,7
13003,1,16,18,21,31,9,12
13002,4,20,27,31,32,6,12
13001,6,9,11,31,32,5,11
12154,3,26,27,31,32,3,9
12153,8,9,10,13,22,5,10
12152,4,17,26,33,34,2,8
12151,3,19,20,24,33,3,4
12150,2,14,18,24,31,2,3
12149,2,10,23,33,34,5,10
12148,4,16,27,29,34,6,11
12147,2,3,17,19,33,2,9
12146,1,10,13,17,26,6,8
12145,5,22,31,33,35,6,9
12144,11,13,14,21,29,1,10
12143,9,27,29,30,31,3,6
12142,15,19,29,34,35,7,10
12141,3,11,19,23,34,2,12
12140,7,17,27,28,29,9,10
12139,9,10,12,22,25,4,11
12138,13,17,27,31,33,6,12
12137,3,12,20,21,27,1,6
12136,2,23,29,30,31,1,4
12135,3,5,17,18,33,6,7
12134,1,6,18,32,35,2,7
12133,5,7,13,29,30,1,5
12132,5,8,21,25,33,1,11
12131,2,16,18,27,30,8,12
12130,14,19,23,29,30,6,7
12129,1,7,21,28,31,3,9
12128,9,10,19,30,31,4,11
12127,12,13,14,25,35,10,12
12126,13,14,21,28,29,5,10
12125,6,14,17,22,35,1,2
12124,7,11,19,20,35,5,10
12123,5,8,18,30,33,1,9
12122,23,24,25,29,31,3,12
12121,7,18,20,29,30,5,6
12120,2,10,21,23,29,3,4
12119,5,6,9,19,32,6,9
12118,5,17,25,30,33,1,12
12117,1,12,18,21,33,7,8
12116,1,11,18,20,22,7,10
12115,1,6,13,19,23,6,9
12114,3,6,21,33,35,1,7
12113,3,10,22,27,29,3,12
12112,1,2,28,31,35,5,7
12111,1,24,25,30,33,4,11
12110,1,11,17,19,26,5,12
12109,1,22,30,32,35,9,11
12108,6,7,12,24,35,2,6
12107,4,7,9,22,33,1,3
12106,15,23,25,29,31,9,10
12105,5,6,14,15,31,6,8
12104,16,18,24,25,27,4,9
12103,2,9,18,23,24,1,4
12102,2,4,6,13,35,4,8
12101,2,5,8,9,31,3,7
12100,7,9,13,19,27,1,3
12099,12,18,24,25,32,2,12
12098,2,11,28,29,30,6,12
12097,9,17,24,29,32,1,2
12096,5,10,19,24,35,8,9
12095,6,9,22,27,30,8,12
12094,2,14,23,32,35,1,10
12093,2,16,21,31,33,4,11
12092,8,9,23,25,31,2,12
12091,3,10,28,31,33,1,9
12090,2,21,27,29,33,2,10
12089,6,12,21,29,32,6,11
12088,13,17,24,30,35,2,10
12087,1,6,7,21,31,4,11
12086,3,20,25,29,32,5,10
12085,7,18,29,31,33,10,12
12084,21,24,27,29,31,1,2
12083,16,19,28,29,31,5,8
12082,2,4,9,10,15,8,10
12081,10,16,17,30,35,1,8
12080,11,12,14,25,28,2,5
12079,1,5,25,32,33,1,10
12078,1,2,23,25,35,5,12
12077,10,30,32,33,34,2,3
12076,2,14,16,22,24,2,5
12075,7,9,10,18,22,5,10
12074,10,22,23,30,32,1,7
12073,18,23,29,33,34,2,7
12072,4,8,17,22,25,4,10
12071,13,23,29,31,34,6,8
12070,9,22,23,32,34,6,8
12069,2,4,22,25,34,2,11
12068,1,21,31,32,35,3,6
12067,20,22,27,30,33,1,2
12066,1,20,25,29,33,4,6
12065,10,22,28,29,34,5,11
12064,9,12,13,15,30,9,10
12063,11,25,26,29,35,1,2
12062,21,32,33,34,35,8,9
12061,5,10,14,27,33,7,9
12060,2,16,21,24,30,6,10
12059,9,13,19,21,27,3,4
12058,13,21,29,31,35,4,12
12057,1,2,14,33,34,3,5
12056,11,21,23,26,34,7,9
12055,7,22,26,32,33,1,8
12054,1,16,18,27,30,10,11
12053,11,12,26,28,31,7,12
12052,10,20,26,31,33,10,12
12051,1,2,17,18,33,5,12
12050,13,17,22,28,29,1,10
12049,9,18,22,27,31,10,12
12048,6,9,26,30,35,5,6
12047,5,7,17,30,34,3,10
12046,4,8,19,23,27,4,11
12045,5,11,17,20,28,11,12
12044,3,4,14,32,35,1,2
12043,1,6,25,31,34,3,9
12042,7,24,27,28,35,7,12
12041,1,2,13,22,23,2,10
12040,2,13,23,28,29,1,5
12039,15,21,22,24,35,1,5
12038,11,23,25,31,35,1,3
12037,9,13,27,31,35,3,10
12036,1,9,20,30,31,8,12
12035,1,4,30,32,35,8,12
12034,1,8,15,16,29,8,9
12033,8,13,19,27,32,1,8
12032,7,8,16,26,34,7,11
12031,19,21,23,25,30,3,8
12030,3,21,22,26,32,1,3
12029,4,7,8,18,29,7,10
12028,10,12,15,33,34,3,10
12027,3,10,11,22,31,5,7
12026,10,11,22,23,29,2,9
12025,1,2,5,12,27,4,7
12024,3,11,17,21,30,3,7
12023,7,9,17,29,35,9,10
12022,7,12,20,33,35,1,10
12021,10,15,21,31,34,7,8
12020,12,14,27,29,34,3,6
12019,7,9,17,30,34,1,12
12018,3,10,14,29,31,4,8
12017,6,11,22,29,34,3,12
12016,5,14,20,29,31,8,12
12015,12,13,24,26,33,6,8
12014,10,14,24,30,32,1,12
12013,7,8,11,12,24,1,2
12012,6,18,22,30,35,2,7
12011,5,19,22,29,30,2,4
12010,25,26,29,32,34,5,7
12009,6,14,20,29,35,9,10
12008,6,8,30,31,32,1,11
12007,4,5,13,17,25,7,10
12006,3,20,22,25,27,1,9
12005,1,2,29,31,33,7,12
12004,10,11,22,31,32,6,7
12003,16,22,24,33,34,3,10
12002,3,11,14,26,29,7,8
12001,7,27,28,32,33,1,12
11154,4,12,16,20,28,8,11
11153,6,22,29,30,35,3,5
11152,1,4,6,21,35,2,11
11151,7,11,14,20,27,3,10
11150,13,22,30,33,34,6,12
11149,2,7,12,29,31,3,5
11148,7,10,11,26,31,3,4
11147,1,15,16,27,28,2,7
11146,9,13,19,29,34,2,11
11145,7,15,19,24,29,4,6
11144,7,18,24,28,33,2,3
11143,8,9,12,25,33,7,10
11142,4,26,30,33,34,4,6
11141,2,11,19,22,35,10,12
11140,1,12,32,33,34,9,11
11139,4,6,10,15,16,3,4
11138,17,23,26,30,32,6,12
11137,2,15,18,23,31,1,2
11136,8,9,11,19,33,3,12
11135,6,22,29,33,35,3,12
11134,1,10,12,14,17,9,10
11133,4,11,23,26,35,3,12
11132,12,14,16,19,33,2,9
11131,3,5,12,18,33,7,11
11130,8,9,13,23,35,11,12
11129,1,7,13,18,23,4,8
11128,3,4,6,11,13,1,2
11127,1,11,22,26,29,5,8
11126,7,17,29,30,33,10,12
11125,7,10,27,34,35,10,12
11124,8,12,14,20,25,6,8
11123,10,14,18,19,35,1,6
11122,3,8,23,24,34,5,12
11121,2,3,30,31,33,3,9
11120,20,25,26,30,31,9,10
11119,4,15,20,26,31,6,12
11118,4,7,11,32,35,5,7
11117,10,12,28,32,33,3,5
11116,10,15,18,19,26,7,12
11115,17,26,30,31,35,6,11
11114,6,8,17,27,35,2,11
11113,4,5,7,10,12,4,5
11112,6,17,28,32,33,8,12
11111,2,11,13,23,31,11,12
11110,30,31,33,34,35,4,7
11109,1,11,12,22,34,8,10
11108,7,15,18,24,28,1,7
11107,2,6,18,30,32,1,8
11106,1,9,29,30,35,5,9
11105,2,11,26,32,33,5,12
11104,7,19,27,28,34,2,5
11103,3,4,26,29,34,1,3
11102,19,24,28,31,34,4,12
11101,5,12,20,28,30,3,7
11100,8,11,13,28,33,8,9
11099,2,6,9,12,20,5,8
11098,6,7,28,33,35,1,10
11097,4,19,28,31,33,11,12
11096,3,8,20,24,25,1,2
11095,9,12,17,19,29,6,11
11094,11,21,22,32,34,4,8
11093,4,6,8,19,31,10,11
11092,10,17,19,32,33,1,12
11091,11,17,23,29,30,6,8
11090,2,4,29,30,34,5,8
11089,5,6,23,27,34,3,4
11088,20,21,27,29,35,3,8
11087,6,13,20,25,34,7,9
11086,4,5,6,9,15,1,6
11085,2,17,19,21,22,3,10
11084,14,29,31,34,35,1,12
11083,6,8,18,20,24,4,8
11082,7,20,25,30,32,5,9
11081,4,13,20,21,35,2,9
11080,5,12,30,31,32,1,3
11079,1,3,23,30,31,2,10
11078,4,9,16,27,30,2,6
11077,5,8,19,33,34,1,12
11076,18,23,25,29,30,1,2
11075,6,9,20,23,28,6,10
11074,7,16,23,28,31,3,6
11073,13,19,20,22,33,5,11
11072,3,11,13,20,35,3,8
11071,27,31,33,34,35,4,6
11070,9,19,22,29,30,2,8
11069,3,5,28,29,33,4,12
11068,1,13,16,18,32,7,9
11067,10,17,22,24,32,3,10
11066,6,13,18,20,33,9,10
11065,3,11,14,25,34,1,4
11064,1,6,27,30,34,1,6
11063,10,17,18,26,32,1,5
11062,6,10,17,20,21,3,7
11061,6,7,16,18,20,4,10
11060,3,25,29,32,34,9,10
11059,9,16,21,29,34,7,10
11058,1,9,27,32,33,3,6
11057,7,11,30,31,34,9,12
11056,3,5,29,30,31,8,10
11055,1,7,31,32,35,2,10
11054,5,9,16,26,35,3,10
11053,3,16,28,31,32,1,9
11052,13,24,31,32,33,3,9
11051,6,8,12,17,18,5,10
11050,4,7,29,32,33,8,10
11049,5,6,10,22,25,1,9
11048,13,17,25,27,28,2,3
11047,2,15,22,33,35,5,8
11046,9,15,16,19,29,4,6
11045,13,21,22,29,31,7,11
11044,11,21,24,26,31,6,7
11043,2,8,23,33,35,5,10
11042,6,9,18,30,32,10,12
11041,4,5,11,13,25,3,6
11040,3,7,15,18,20,1,6
11039,1,11,14,22,34,6,8
11038,7,9,11,13,33,10,12
11037,1,12,14,22,24,10,12
11036,3,18,29,30,33,8,9
11035,3,4,13,15,32,4,9
11034,3,6,9,17,27,3,9
11033,3,19,24,29,33,3,9
11032,7,16,23,31,33,3,10
11031,12,17,19,22,35,4,11
11030,15,19,25,30,33,3,8
11029,3,9,17,24,28,6,12
11028,1,2,13,17,28,1,4
11027,5,14,25,34,35,2,5
11026,1,9,15,20,29,7,9
11025,8,9,25,28,29,2,10
11024,12,15,16,20,33,8,12
11023,5,13,16,18,24,2,12
11022,9,14,24,25,34,1,4
11021,1,9,13,17,30,2,8
11020,9,12,19,22,28,1,5
11019,8,21,23,27,33,6,11
11018,16,22,24,32,34,2,10
11017,16,19,24,26,31,2,4
11016,15,20,30,33,35,6,9
11015,8,18,19,22,23,1,3
11014,2,14,20,21,24,2,9
11013,5,8,14,28,30,4,6
11012,3,12,19,25,30,8,11
11011,2,17,23,24,30,2,9
11010,4,8,10,14,27,5,7
11009,9,10,11,14,24,3,8
11008,1,23,26,27,30,5,6
11007,14,24,32,33,35,2,9
11006,2,8,16,26,35,11,12
11005,1,7,25,27,30,7,12
11004,7,8,10,23,25,7,9
11003,1,24,27,30,31,1,6
11002,11,13,27,28,29,2,6
11001,7,8,15,32,34,5,12
10153,6,7,16,24,35,4,6
10152,2,5,18,22,23,7,12
10151,1,10,32,33,35,3,8
10150,5,24,28,29,35,1,9
10149,5,22,24,25,30,1,6
10148,3,4,8,10,35,2,6
10147,1,15,19,21,23,11,12
10146,14,17,30,31,34,4,10
10145,18,19,27,28,33,3,6
10144,2,11,16,22,31,10,11
10143,10,16,18,22,27,6,8
10142,10,11,19,21,27,4,6
10141,5,11,17,23,33,3,10
10140,6,18,20,30,31,3,6
10139,3,13,16,19,29,7,9
10138,8,12,14,19,27,5,6
10137,22,27,28,33,35,9,11
10136,3,13,18,30,33,7,8
10135,14,17,19,26,32,3,4
10134,9,12,13,19,30,4,5
10133,11,16,17,21,22,3,6
10132,18,21,23,25,29,6,11
10131,10,15,22,28,29,4,12
10130,5,6,9,10,34,8,11
10129,14,15,24,25,26,3,7
10128,6,17,19,29,35,2,8
10127,3,22,24,30,33,4,10
10126,3,5,9,13,33,5,11
10125,1,7,9,14,19,9,12
10124,1,9,27,29,34,1,6
10123,18,20,30,32,33,1,11
10122,5,6,11,13,26,2,7
10121,21,22,31,32,34,2,12
10120,8,10,18,34,35,6,10
10119,5,13,14,23,26,2,3
10118,19,22,23,29,35,8,10
10117,4,6,21,27,34,5,9
10116,14,22,27,28,35,4,10
10115,5,7,10,15,32,3,8
10114,3,7,22,25,35,3,11
10113,5,16,22,23,32,4,10
10112,14,15,18,34,35,8,10
10111,3,6,13,14,29,1,2
10110,21,29,30,33,35,7,11
10109,1,2,8,11,25,10,12
10108,1,10,13,19,34,9,12
10107,14,17,22,27,34,3,5
10106,5,27,28,29,34,9,12
10105,5,17,26,27,35,8,9
10104,14,25,30,32,33,1,11
10103,10,14,29,30,35,5,8
10102,4,15,19,24,35,1,10
10101,11,15,22,27,35,5,8
10100,19,20,30,33,35,6,8
10099,3,11,17,21,30,1,8
10098,2,3,12,13,25,1,7
10097,9,17,21,28,29,2,8
10096,4,9,24,30,35,1,10
10095,12,14,16,19,25,1,6
10094,20,32,33,34,35,6,7
10093,2,4,9,28,29,5,8
10092,2,15,29,30,34,2,12
10091,6,10,23,26,31,5,7
10090,8,24,26,31,32,7,9
10089,4,10,13,18,23,8,10
10088,3,5,14,30,35,3,6
10087,1,12,20,21,24,2,8
10086,1,2,12,19,35,5,7
10085,2,10,16,18,34,2,3
10084,3,13,14,22,26,2,5
10083,7,11,21,22,35,4,7
10082,5,8,24,29,30,4,6
10081,14,18,20,24,27,5,10
10080,8,19,27,29,34,4,10
10079,1,4,21,22,24,2,5
10078,2,3,15,28,35,1,11
10077,6,7,9,17,24,2,12
10076,9,12,16,19,35,2,12
10075,10,12,17,23,27,5,7
10074,3,7,20,27,32,2,12
10073,4,9,11,30,32,1,11
10072,5,10,17,23,25,3,10
10071,7,12,26,30,32,2,7
10070,5,14,23,25,28,11,12
10069,6,17,18,25,29,8,9
10068,11,17,19,20,34,6,10
10067,1,11,19,30,32,3,10
10066,15,21,22,24,27,1,6
10065,5,8,13,14,32,8,11
10064,7,10,12,20,21,6,9
10063,7,14,16,30,31,3,6
10062,6,7,18,30,31,7,8
10061,5,12,14,17,22,5,7
10060,10,13,22,33,34,1,5
10059,6,10,14,25,34,1,3
10058,6,15,17,19,30,1,12
10057,15,17,24,32,35,7,9
10056,5,9,23,25,30,9,12
10055,13,14,17,27,32,2,10
10054,12,25,29,30,33,10,11
10053,9,19,22,26,34,9,11
10052,4,6,25,29,32,5,6
10051,6,10,20,24,32,6,10
10050,7,8,15,30,35,5,10
10049,1,25,29,31,33,4,10
10048,2,3,10,12,25,3,9
10047,4,8,11,30,31,2,8
10046,2,15,19,26,27,5,6
10045,8,17,18,20,28,9,10
10044,6,21,24,28,30,2,7
10043,5,8,10,33,35,2,10
10042,1,5,19,34,35,6,7
10041,16,22,28,29,34,4,12
10040,13,20,26,31,35,2,11
10039,7,19,26,28,32,1,8
10038,8,10,25,29,33,1,2
10037,19,21,26,34,35,1,9
10036,19,25,28,31,33,1,8
10035,14,16,20,31,34,1,7
10034,1,6,19,25,26,3,9
10033,12,19,28,29,30,5,8
10032,13,16,23,24,33,7,11
10031,5,13,16,17,35,6,8
10030,10,12,19,32,35,2,7
10029,21,22,33,34,35,3,4
10028,1,2,7,20,35,1,3
10027,5,23,26,32,34,2,9
10026,5,23,25,31,35,7,10
10025,9,11,13,14,25,1,7
10024,3,14,19,24,25,4,11
10023,11,13,29,32,33,2,8
10022,2,11,13,14,25,2,5
10021,11,20,23,24,25,7,9
10020,8,18,26,32,33,1,6
10019,3,11,19,26,27,2,9
10018,3,10,26,32,33,4,12
10017,13,21,23,27,34,9,12
10016,10,12,20,23,32,4,10
10015,3,10,14,18,28,8,10
10014,18,19,30,33,35,2,4
10013,18,21,22,26,34,9,12
10012,20,24,30,31,33,5,12
10011,2,3,11,27,32,8,11
10010,15,22,24,32,35,2,9
10009,2,5,13,27,32,3,11
10008,11,23,25,31,32,5,11
10007,7,23,26,29,32,8,11
10006,3,13,19,30,34,2,5
10005,4,17,19,22,30,2,3
10004,3,6,21,24,34,4,6
10003,5,14,23,27,30,2,8
10002,4,23,25,26,30,7,10
10001,2,6,7,12,27,2,8
9153,21,22,30,32,34,3,7
9152,1,23,29,30,32,7,12
9151,3,8,14,30,31,4,9
9150,4,11,18,25,34,5,7
9149,1,3,10,12,20,2,7
9148,2,4,13,14,33,1,9
9147,6,12,18,22,29,5,8
9146,11,17,23,24,25,3,6
9145,5,11,14,22,35,3,10
9144,18,26,32,33,34,4,6
9143,1,9,10,11,22,1,12
9142,5,6,13,24,31,3,11
9141,13,14,21,30,33,2,8
9140,7,8,19,26,30,1,12
9139,14,16,20,22,32,5,9
9138,3,4,14,28,32,9,10
9137,12,28,29,30,34,1,9
9136,7,13,23,24,29,6,10
9135,6,8,15,20,32,5,6
9134,2,16,19,28,33,7,11
9133,1,8,24,27,34,10,11
9132,2,10,12,15,28,4,7
9131,2,3,8,33,34,3,11
9130,9,14,25,32,34,2,8
9129,2,10,18,32,33,3,8
9128,6,21,28,32,34,4,7
9127,5,9,27,32,34,5,8
9126,14,23,27,28,33,8,12
9125,8,20,23,29,31,2,11
9124,1,3,14,32,35,7,11
9121,4,5,8,11,22,2,10
9120,11,23,27,28,32,2,5
9119,3,12,22,23,28,4,12
9118,10,17,18,21,34,5,11
9117,7,21,29,31,33,9,10
9116,12,15,23,30,33,9,12
9115,1,2,6,8,26,5,12
9114,2,8,25,29,33,3,7
9113,3,4,10,18,27,6,8
9112,2,8,12,34,35,4,5
9111,4,11,13,19,35,10,12
9110,22,28,30,31,34,7,9
9109,2,11,13,26,35,6,10
9108,1,9,14,29,30,7,10
9107,11,12,33,34,35,1,10
9106,11,21,22,25,34,6,9
9105,1,25,26,34,35,6,11
9104,15,25,29,32,33,10,11
9103,16,20,28,32,33,1,2
9102,11,13,29,32,35,10,12
9101,2,10,14,22,26,4,9
9100,16,20,25,29,33,1,8
9099,3,9,21,23,33,6,10
9098,11,17,19,25,26,2,10
9097,6,13,14,22,25,1,4
9096,7,12,28,32,33,1,3
9095,8,18,24,30,33,1,6
9094,1,5,21,23,29,5,12
9093,7,9,22,30,33,9,11
9092,10,21,22,27,29,8,12
9091,1,5,17,32,34,3,7
9090,18,25,30,33,34,4,10
9089,3,6,11,19,27,2,7
9088,13,16,27,32,34,3,9
9087,10,24,28,30,33,1,10
9086,1,2,7,26,29,10,12
9085,6,13,27,33,34,9,12
9084,5,9,19,26,35,2,10
9083,2,5,28,34,35,1,7
9082,5,11,26,29,32,8,11
9081,2,15,20,25,33,3,6
9080,7,16,19,29,35,2,11
9079,1,2,7,13,34,4,10
9078,11,23,26,31,34,5,11
9077,7,20,28,32,34,6,8
9076,3,9,11,18,24,4,5
9075,1,7,11,32,33,9,11
9074,15,17,19,23,32,1,11
9073,1,10,19,21,30,1,4
9072,23,26,29,32,33,5,10
9071,4,20,29,30,33,2,11
9070,10,21,24,30,31,3,10
9069,14,16,27,30,33,8,12
9068,2,12,15,20,28,1,12
9067,3,6,25,28,32,2,5
9066,1,8,19,24,31,6,12
9065,1,12,24,27,32,2,11
9064,6,10,11,17,34,11,12
9063,5,6,18,21,22,1,7
9062,4,22,23,29,31,5,11
9061,2,10,21,26,34,2,10
9060,18,28,29,30,31,4,8
9059,2,13,14,29,33,4,11
9058,8,10,14,27,32,2,7
9057,6,15,22,27,30,2,9
9056,4,13,17,32,35,3,6
9055,5,8,14,23,24,5,6
9054,2,12,19,29,30,7,12
9053,5,9,24,31,33,5,6
9052,23,24,30,34,35,1,3
9051,3,11,22,26,29,5,12
9050,5,15,28,32,33,8,9
9049,5,16,28,29,34,11,12
9048,5,6,22,25,27,11,12
9047,13,18,21,24,29,3,6
9046,1,9,24,34,35,4,9
9045,1,9,14,24,35,6,9
9044,1,7,18,29,34,3,9
9043,5,21,22,32,35,2,5
9042,11,24,25,26,31,2,7
9041,5,9,20,23,29,4,10
9040,3,16,30,32,33,1,10
9039,1,3,7,10,33,3,4
9038,6,17,20,29,32,4,5
9037,17,18,19,25,31,1,11
9036,2,12,26,31,33,9,10
9035,3,7,9,28,33,3,8
9034,5,19,31,32,35,4,9
9033,2,8,18,21,32,8,11
9032,4,12,20,26,29,6,10
9031,7,11,19,21,22,1,11
9030,1,7,27,30,32,1,4
9029,3,4,13,17,24,4,11
9028,6,20,30,32,35,9,11
9027,3,22,26,33,34,9,10
9026,24,30,31,32,34,10,12
9025,3,17,22,23,33,4,10
9024,29,31,32,33,35,10,11
9023,15,17,21,27,33,7,11
9022,12,14,17,34,35,4,11
9021,1,15,31,32,34,3,8
9020,5,16,18,32,35,2,11
9019,4,29,31,32,35,4,10
9018,1,6,13,28,29,3,9
9017,5,11,23,26,33,4,12
9016,10,11,20,26,27,9,11
9015,1,5,10,16,27,3,4
9014,8,14,15,25,26,7,9
9013,5,24,26,30,35,5,12
9012,2,5,20,25,31,10,12
9011,2,11,13,14,21,2,4
9010,2,9,12,21,29,7,11
9009,12,18,23,26,32,6,9
9008,4,17,21,29,31,2,12
9007,6,14,15,29,35,6,11
9006,2,4,22,31,35,9,12
9005,10,11,15,31,32,5,8
9004,1,3,22,32,35,6,10
9003,16,18,23,30,32,2,11
9002,1,4,7,12,30,5,10
9001,1,15,23,27,30,4,10
8154,5,7,10,29,32,4,6
8153,2,4,6,25,26,2,5
8152,3,5,14,20,33,7,11
8151,7,10,27,31,34,8,9
8150,1,9,10,15,25,3,8
8149,2,5,6,27,29,3,4
8148,3,7,20,33,35,4,7
8147,16,18,19,24,35,11,12
8146,9,23,24,26,33,7,12
8145,5,16,27,29,30,5,11
8144,10,19,27,28,33,5,12
8143,1,2,22,29,32,1,4
8142,6,18,21,30,35,8,9
8141,9,15,18,30,34,4,5
8140,2,9,11,29,32,8,9
8139,1,6,10,14,22,6,8
8138,4,5,18,22,35,7,8
8137,1,10,25,32,35,5,9
8136,3,28,29,32,34,1,6
8135,7,22,25,29,33,1,12
8134,11,13,15,28,35,8,10
8133,10,12,15,33,35,3,9
8132,6,14,24,27,29,5,9
8131,8,9,12,21,32,7,11
8130,3,5,22,29,34,7,12
8129,13,16,20,25,27,4,5
8128,12,15,23,24,25,10,11
8127,8,21,22,31,33,1,7
8126,9,29,32,34,35,1,8
8125,1,4,28,33,34,6,11
8124,2,10,13,29,33,6,10
8123,1,6,12,28,31,8,9
8122,3,6,12,20,29,9,12
8121,11,23,24,32,35,4,10
8120,21,23,24,25,32,3,4
8119,1,2,10,19,27,1,11
8118,6,9,19,25,30,6,12
8117,13,23,24,25,30,2,8
8116,6,8,15,24,31,1,3
8115,7,9,19,21,33,7,10
8114,2,3,22,27,31,6,7
8113,11,14,17,19,22,1,8
8112,4,18,26,32,33,5,8
8111,2,11,12,14,19,5,9
8110,5,16,25,27,33,4,9
8109,1,10,18,28,34,5,8
8108,11,16,24,29,32,9,11
8107,1,2,13,15,16,4,9
8106,3,5,21,28,33,2,6
8105,12,21,22,26,35,4,5
8104,7,8,10,24,34,8,11
8102,5,25,26,29,35,3,10
8101,10,13,23,31,33,4,11
8100,12,20,26,29,30,2,6
8098,7,10,22,27,33,4,8
8097,1,10,31,33,35,3,10
8096,6,7,12,25,28,2,12
8095,3,4,11,21,25,1,7
8094,7,12,19,27,34,11,12
8093,6,7,10,24,30,5,8
8092,3,23,26,32,34,4,9
8091,9,13,19,22,25,4,10
8090,4,11,18,33,34,2,6
8089,8,13,24,32,33,3,9
8088,7,11,19,27,31,2,3
8087,14,22,32,33,35,1,5
8086,1,6,10,22,35,3,7
8085,3,7,13,15,19,2,10
8084,2,17,20,22,25,5,11
8083,6,14,15,30,31,3,10
8082,15,19,29,33,35,1,2
8081,7,8,20,22,29,4,7
8080,6,9,29,31,33,5,11
8079,20,23,26,32,33,5,12
8078,8,17,20,28,31,7,11
8077,1,8,21,33,34,5,7
8076,3,5,10,27,34,1,12
8075,1,10,13,30,33,6,7
8074,10,13,22,31,35,4,12
8073,2,5,6,7,31,8,10
8072,10,25,32,33,34,3,9
8071,1,5,11,14,25,1,9
8070,9,17,18,21,31,1,5
8069,5,13,16,29,33,6,8
8068,6,9,11,33,34,6,10
8067,3,10,14,15,22,4,7
8066,2,7,21,22,25,4,12
8065,19,22,23,25,32,6,12
8064,14,18,24,27,31,6,7
8063,7,11,24,30,35,6,8
8062,1,15,27,28,29,3,10
8061,7,10,14,19,32,3,6
8060,3,13,17,23,30,1,11
8059,7,13,21,25,31,8,10
8058,3,9,11,29,33,3,12
8057,5,8,9,17,33,5,6
8056,15,19,25,30,31,3,9
8055,2,14,28,30,35,4,12
8054,5,14,23,31,35,2,6
8053,1,13,21,23,32,3,6
8052,3,18,19,30,35,5,9
8051,1,7,9,11,33,3,11
8050,1,5,11,26,27,3,7
8049,1,11,14,28,30,3,10
8048,1,13,22,25,27,2,10
8047,12,18,22,23,30,6,12
8046,11,25,26,27,35,7,8
8045,14,32,33,34,35,2,4
8044,2,21,23,27,32,10,11
8043,5,8,10,31,33,2,4
8042,5,10,13,32,35,4,5
8041,7,17,21,22,28,5,10
8040,4,8,19,22,29,8,11
8039,7,11,15,27,35,4,7
8038,12,13,19,32,33,2,10
8037,11,20,24,31,35,4,10
8036,9,19,22,30,32,1,10
8035,2,12,13,29,30,5,7
8034,6,7,18,34,35,5,10
8033,3,10,21,23,30,1,9
8032,3,9,19,27,33,9,10
8031,14,20,23,27,28,2,4
8030,3,21,23,26,35,5,8
8029,6,11,18,29,30,4,11
8028,3,11,17,19,26,7,12
8027,5,17,23,31,32,4,8
8026,1,21,22,24,25,8,10
8025,6,10,12,15,28,4,12
8024,8,12,17,20,30,1,2
8023,6,26,31,32,34,7,10
8022,9,12,13,25,31,8,10
8021,5,10,13,21,24,4,9
8020,4,5,15,17,33,4,8
8019,8,24,25,29,31,4,5
8018,3,6,7,11,30,2,3
8017,2,14,25,29,32,1,6
8016,8,10,11,17,19,6,9
8015,9,18,20,27,33,6,9
8014,4,7,10,28,34,1,6
8013,1,11,19,22,35,5,9
8012,2,10,29,32,35,2,3
8011,14,20,22,24,27,7,10
8010,6,23,24,27,29,6,8
8009,4,8,12,24,30,5,8
8008,2,6,8,17,32,8,9
8007,3,4,5,12,28,3,12
8006,10,12,26,29,34,5,7
8005,18,25,29,31,34,9,10
8004,9,22,24,31,33,8,9
8003,1,11,13,32,35,2,7
8002,1,12,24,31,32,10,12
8001,1,2,11,34,35,3,10
7890,8,13,24,30,32,8,10
7889,3,11,24,26,34,3,12
7888,11,12,17,18,19,2,7
7093,6,8,16,25,27,8,12
7092,6,19,27,28,29,6,10
7091,7,12,26,31,32,3,8
7090,4,20,24,31,33,9,12
7089,8,13,24,30,34,1,12
7088,17,18,21,23,33,6,10
7087,8,18,30,31,33,4,9
7086,14,18,19,26,28,3,9
7085,17,24,28,29,33,2,5
7084,5,11,18,29,34,10,11
7083,1,5,20,21,24,3,4
7082,3,5,14,33,34,7,8
7081,6,18,20,22,35,4,9
7080,1,15,20,25,27,5,10
7079,6,9,25,26,31,2,8
7078,9,12,14,22,23,1,2
7077,4,6,12,13,24,1,4
7076,2,9,12,15,31,9,10
7075,5,11,20,30,32,7,11
7074,16,17,23,24,31,5,10
7073,4,5,9,12,23,2,11
7072,21,24,26,27,33,1,5
7071,10,22,32,33,35,1,7
7070,7,26,29,30,35,3,4
7069,2,13,16,21,35,1,5
7068,4,9,13,14,33,6,10
7067,11,18,25,30,31,4,9
7066,4,7,8,19,24,7,12
7065,19,20,24,29,31,9,10
7064,2,16,32,33,35,5,10
7063,10,31,33,34,35,7,12
7062,1,4,10,14,29,11,12
7061,2,10,19,28,29,2,9
7060,12,13,29,30,31,4,7
7059,4,15,23,31,33,3,9
7058,8,21,25,28,33,2,6
7057,14,16,30,32,35,6,7
7056,4,11,17,20,21,5,9
7055,10,16,24,31,33,7,10
7054,4,10,19,29,34,3,6
7053,11,16,19,21,25,1,10
7052,1,14,29,32,33,5,10
7051,3,7,24,28,35,8,11
7050,13,21,22,30,35,1,11
7049,9,10,15,17,32,4,6
7048,8,25,26,29,35,6,8
7047,1,6,15,19,35,2,9
7046,4,16,18,23,30,1,10
7045,9,16,20,26,35,11,12
7044,4,5,7,12,26,1,10
7043,4,9,22,24,31,2,6
7042,7,10,22,31,35,5,6
7041,3,16,17,22,35,1,8
7040,5,21,25,28,35,1,4
7039,10,11,20,21,35,7,11
7038,6,21,25,27,32,8,9
7037,1,6,7,17,31,11,12
7036,15,18,21,27,34,1,2
7035,7,11,16,31,32,1,12
7034,6,8,11,13,22,2,11
7033,1,5,8,14,22,3,12
7032,1,13,21,23,32,4,11
7031,3,21,27,31,32,6,8
7030,11,14,27,33,35,2,7
7029,15,22,25,29,35,9,11
7028,20,26,30,34,35,3,10
7027,2,3,10,19,27,6,10
7026,5,9,13,33,35,1,8
7025,22,24,26,27,34,2,10
7024,6,16,20,25,31,4,9
7023,8,10,23,32,34,8,10
7022,8,10,12,23,25,3,10
7021,2,4,24,29,33,1,2
7020,2,6,11,12,18,5,12
7019,3,6,17,22,23,4,6
7018,3,4,16,23,28,6,9
7017,13,14,29,32,34,3,12
7016,1,14,19,24,31,3,12
7015,2,8,12,13,17,11,12
7014,1,2,7,29,32,6,7
7013,12,17,27,29,34,6,9
7012,3,12,15,29,34,7,11
7011,29,32,33,34,35,9,10
7010,6,8,18,29,34,9,11
7009,1,3,9,19,34,9,12
7008,2,8,11,21,23,4,7
7007,14,16,25,26,35,4,9
7006,1,16,20,23,28,3,6
7005,1,9,19,20,30,2,11
7004,6,10,16,17,25,2,4
7003,3,4,18,23,32,1,6
7002,15,22,31,34,35,5,12
7001,22,24,29,31,35,4,11
